TransactionAmount,TransactionDuration,LoginAttempts,TransactionType_Debit,Channel_Branch,Channel_Online,Cluster
14.09,81,1,True,False,False,1
376.24,141,1,True,False,False,1
126.29,56,1,True,False,True,2
184.5,25,1,True,False,True,2
13.45,198,1,False,False,True,2
92.15,172,1,True,False,False,1
7.08,139,1,False,False,False,1
171.42,291,1,False,True,False,0
106.23,86,1,False,True,False,0
815.96,120,1,True,False,False,1
17.78,59,1,False,False,True,2
190.02,173,1,True,False,True,2
494.52,111,1,False,True,False,0
781.76,123,1,True,False,False,1
166.99,134,1,True,False,True,2
465.45,129,1,True,False,False,1
555.8,158,1,False,True,False,0
492.93,234,1,True,False,True,2
18.68,106,1,False,True,False,0
71.48,169,1,False,False,True,2
59.32,38,1,True,True,False,0
85.77,93,1,True,True,False,0
52.2,120,1,True,False,True,2
345.84,142,3,True,False,True,2
145.54,96,1,True,False,True,2
7.49,276,1,False,False,True,2
246.93,158,5,True,False,False,1
40.32,95,1,True,True,False,0
127.45,197,1,True,False,True,2
56.17,283,1,True,True,False,0
28.31,20,1,False,False,True,2
59.12,257,1,True,False,False,1
396.45,168,3,True,False,False,1
877.81,150,1,True,False,True,2
255.26,50,1,False,True,False,0
124.76,45,1,True,True,False,0
78.13,145,1,True,True,False,0
649.28,137,1,True,False,False,1
795.31,90,2,True,False,False,1
335.63,216,1,True,False,True,2
328.47,119,1,True,False,False,1
34.02,19,1,True,False,True,2
241.42,116,1,False,False,True,2
55.32,117,1,True,False,False,1
304.31,33,1,True,True,False,0
435.27,90,1,True,True,False,0
164.49,75,1,True,True,False,0
510.24,105,1,True,False,True,2
626.9,138,1,True,False,True,2
22.01,175,1,False,False,True,2
425.34,121,1,False,False,True,2
424.56,264,1,True,False,True,2
85.43,145,1,True,True,False,0
169.5,142,1,True,True,False,0
104.63,90,1,True,False,False,1
316.95,83,1,True,True,False,0
60.54,52,1,False,True,False,0
292.56,61,1,False,True,False,0
386.52,28,1,True,True,False,0
112.07,51,1,True,True,False,0
568.52,152,1,True,False,False,1
263.99,227,2,True,True,False,0
349.64,226,1,True,False,True,2
601.4,104,1,False,True,False,0
5.77,124,1,True,False,True,2
201.33,186,1,False,True,False,0
298.42,225,1,True,True,False,0
521.06,128,1,True,True,False,0
117.28,16,1,False,False,True,2
189.12,103,1,False,True,False,0
133.55,220,1,True,False,False,1
143.21,135,1,True,False,True,2
24.77,55,1,True,False,False,1
233.92,280,1,False,False,True,2
1212.51,24,1,True,True,False,0
232.12,51,1,True,False,False,1
162.63,113,1,True,False,True,2
91.53,69,1,True,True,False,0
120.29,77,1,True,True,False,0
174.25,67,1,True,False,True,2
183.71,102,1,True,False,False,1
345.39,80,1,False,False,True,2
922.55,87,1,True,False,False,1
259.91,170,1,True,False,True,2
154.71,157,1,True,False,True,2
1340.19,30,1,False,False,True,2
24.56,69,1,True,True,False,0
568.07,115,1,True,False,False,1
9.61,179,1,False,False,True,2
392.96,100,1,True,False,True,2
716.93,34,1,False,False,True,2
223.85,55,4,True,False,False,1
230.66,135,1,True,True,False,0
442.12,260,1,True,False,True,2
644.17,72,1,True,False,False,1
508.68,127,1,False,True,False,0
858.63,185,1,False,True,False,0
25.36,78,1,True,False,False,1
147.62,133,1,True,True,False,0
115.02,175,1,True,True,False,0
383.37,24,1,True,True,False,0
98.54,167,1,False,False,True,2
83.24,164,1,False,True,False,0
196.16,146,1,True,True,False,0
129.94,235,1,True,False,False,1
306.9,51,1,True,False,True,2
114.98,80,1,True,False,True,2
756.59,17,1,True,True,False,0
503.76,35,1,True,False,True,2
143.03,147,1,True,False,False,1
1045.22,73,1,True,False,False,1
245.54,180,1,True,False,False,1
254.37,174,1,False,False,True,2
213.76,282,1,False,False,False,1
327.86,104,1,True,False,True,2
2.5,107,1,True,False,True,2
300.08,47,1,False,False,True,2
56.98,122,2,False,False,False,1
407.65,62,1,True,False,True,2
115.83,167,1,True,True,False,0
53.57,121,1,True,False,False,1
63.34,165,1,False,False,True,2
317.87,91,1,True,False,True,2
331.65,61,1,True,False,True,2
5.04,41,1,True,False,False,1
214.54,247,1,False,False,True,2
598.81,158,1,True,True,False,0
841.28,80,1,True,False,True,2
38.15,108,1,True,False,True,2
1036.66,144,1,True,True,False,0
124.72,105,1,True,True,False,0
302.45,40,1,False,True,False,0
208.04,273,1,True,False,True,2
5.77,254,1,False,True,False,0
381.33,75,1,True,False,False,1
16.16,124,1,True,False,False,1
486.08,68,1,True,False,True,2
336.39,18,1,True,True,False,0
997.43,118,1,True,False,True,2
234.57,120,1,True,False,True,2
6.0,246,1,True,False,True,2
1049.92,21,1,True,False,False,1
227.14,294,1,True,False,False,1
233.74,17,1,False,False,True,2
113.02,166,1,False,True,False,0
45.85,92,1,True,False,False,1
973.39,296,1,True,True,False,0
514.95,142,5,True,False,True,2
415.5,141,1,True,False,False,1
265.76,92,1,True,False,True,2
69.4,113,1,True,False,True,2
332.93,293,1,False,True,False,0
267.9,160,1,True,False,True,2
496.03,265,1,True,True,False,0
376.26,245,1,True,False,False,1
83.02,171,1,False,False,True,2
93.26,72,1,False,False,True,2
803.37,129,1,False,True,False,0
35.76,122,1,True,True,False,0
28.53,99,1,True,False,True,2
139.53,177,1,False,False,True,2
307.57,285,1,True,True,False,0
60.65,53,1,False,True,False,0
74.86,125,1,True,True,False,0
117.97,137,1,True,True,False,0
231.91,165,1,True,False,False,1
126.21,268,1,True,True,False,0
506.28,162,2,False,False,True,2
304.35,36,1,True,True,False,0
281.85,109,1,True,False,False,1
777.88,17,1,True,True,False,0
119.18,96,1,True,True,False,0
177.19,43,1,True,False,True,2
260.88,36,1,True,True,False,0
169.47,19,1,True,False,True,2
73.23,14,1,True,True,False,0
1362.55,106,1,True,False,False,1
792.57,164,1,True,False,False,1
237.06,46,1,True,False,True,2
34.17,54,1,False,False,True,2
740.25,123,1,True,False,True,2
453.54,82,1,True,False,False,1
300.47,100,1,True,True,False,0
110.93,201,1,False,True,False,0
201.69,299,1,True,False,False,1
399.21,109,1,True,False,False,1
1041.88,57,1,True,False,True,2
630.36,52,1,True,False,False,1
10.94,245,1,False,False,False,1
215.9,235,1,True,False,False,1
1422.55,165,1,True,True,False,0
226.37,141,1,False,True,False,0
444.89,101,1,False,True,False,0
280.57,24,1,False,False,True,2
488.54,132,1,True,True,False,0
3.3,131,1,False,True,False,0
199.39,165,1,True,True,False,0
20.36,75,1,True,True,False,0
113.64,32,1,True,False,True,2
493.11,236,1,True,True,False,0
307.41,14,1,True,False,False,1
11.18,161,1,True,False,True,2
313.82,151,1,True,True,False,0
51.0,107,1,True,True,False,0
140.98,100,1,True,True,False,0
288.04,63,1,True,False,False,1
800.55,108,1,True,False,False,1
485.54,143,1,True,False,False,1
521.15,214,1,True,False,False,1
321.79,61,1,False,False,False,1
304.93,158,1,True,False,False,1
432.08,145,1,True,False,False,1
694.2,72,1,True,False,False,1
116.86,171,1,True,False,False,1
386.81,149,1,False,False,True,2
74.88,202,1,True,False,False,1
195.76,99,1,True,True,False,0
134.7,106,1,True,False,False,1
890.24,161,1,False,False,True,2
361.27,180,1,True,False,False,1
131.56,42,1,True,True,False,0
485.51,37,1,False,False,True,2
547.87,131,1,True,False,False,1
457.3,15,1,True,False,True,2
506.24,64,1,True,False,False,1
486.59,119,1,True,True,False,0
163.68,292,1,True,True,False,0
581.65,176,1,True,False,False,1
52.01,85,1,True,False,False,1
630.24,62,1,True,False,False,1
523.74,159,1,True,False,False,1
705.6,124,3,True,True,False,0
217.5,35,1,False,True,False,0
91.48,141,1,True,False,False,1
5.25,49,1,True,False,False,1
54.03,161,1,False,False,False,1
736.73,10,1,True,True,False,0
368.91,14,1,True,True,False,0
33.06,170,1,False,False,True,2
66.5,144,1,False,False,True,2
177.08,85,1,True,False,True,2
588.54,130,1,True,True,False,0
173.5,282,1,True,False,False,1
78.33,189,1,False,False,True,2
40.66,156,1,True,True,False,0
97.22,55,1,False,True,False,0
34.07,81,1,True,True,False,0
492.06,74,1,True,False,True,2
842.01,185,1,False,False,True,2
73.55,158,1,True,False,False,1
760.53,118,1,True,False,True,2
273.08,134,1,False,True,False,0
371.69,143,1,True,True,False,0
218.96,13,1,True,False,False,1
227.39,65,1,True,False,True,2
237.99,86,1,False,True,False,0
186.6,13,1,True,False,True,2
341.15,148,1,True,False,True,2
434.58,215,1,True,False,False,1
312.88,44,1,False,True,False,0
75.15,154,1,True,False,False,1
23.3,161,1,True,False,False,1
47.38,61,1,False,False,True,2
512.81,30,1,True,True,False,0
488.15,168,1,True,True,False,0
12.82,156,1,True,False,False,1
66.9,129,4,False,False,True,2
535.91,22,1,True,False,True,2
270.72,53,1,False,False,True,2
97.98,18,1,True,True,False,0
196.08,98,1,True,False,True,2
251.18,246,1,True,False,False,1
44.52,205,1,True,False,True,2
178.87,180,1,True,False,True,2
1176.28,174,5,False,False,False,1
386.68,128,1,True,True,False,0
167.14,20,1,True,False,True,2
345.22,253,1,True,True,False,0
74.85,117,1,True,False,False,1
671.73,54,1,True,True,False,0
255.04,152,1,True,False,False,1
45.77,109,1,True,False,True,2
329.69,66,1,False,False,True,2
362.04,198,2,False,True,False,0
11.92,52,1,True,True,False,0
47.42,28,1,True,False,False,1
35.99,129,1,True,True,False,0
151.19,96,1,False,True,False,0
242.62,234,1,False,False,True,2
48.72,17,1,True,True,False,0
43.46,80,1,True,False,False,1
1036.21,126,1,True,False,True,2
443.79,87,1,True,False,False,1
365.14,57,1,True,False,True,2
757.41,37,1,True,False,False,1
20.54,72,1,True,True,False,0
475.36,105,1,True,False,False,1
34.74,24,1,True,False,False,1
689.54,93,1,True,True,False,0
211.18,90,1,True,False,False,1
211.36,286,1,False,True,False,0
744.41,107,1,False,False,True,2
61.43,170,1,True,False,True,2
167.44,82,1,True,True,False,0
361.46,83,1,True,False,True,2
378.85,126,1,True,True,False,0
241.11,55,1,True,True,False,0
131.93,13,1,False,True,False,0
20.28,213,1,True,False,True,2
415.88,170,1,True,True,False,0
49.99,139,1,True,False,False,1
1221.65,153,1,True,False,True,2
100.66,144,1,True,True,False,0
485.54,148,1,True,False,True,2
321.15,179,1,True,True,False,0
711.3,51,1,True,True,False,0
12.23,139,1,True,False,False,1
350.94,64,1,True,False,False,1
301.85,25,1,True,False,True,2
29.34,30,1,True,False,True,2
231.71,148,1,True,True,False,0
179.43,244,1,True,False,False,1
36.71,55,1,True,True,False,0
138.12,281,1,False,True,False,0
233.24,72,1,True,False,False,1
609.14,177,1,True,False,False,1
436.64,111,1,True,True,False,0
870.43,55,1,True,True,False,0
354.4,128,1,True,False,False,1
22.63,112,1,True,False,True,2
182.19,53,1,True,True,False,0
126.81,290,1,True,True,False,0
288.17,50,1,True,False,True,2
118.77,123,1,True,True,False,0
651.82,166,1,True,False,False,1
66.65,33,1,True,False,False,1
98.53,166,1,True,True,False,0
138.95,30,1,True,False,True,2
33.89,177,1,True,True,False,0
23.71,164,1,True,True,False,0
1830.0,238,1,True,False,True,2
26.06,283,1,True,False,False,1
17.07,44,1,True,True,False,0
703.89,62,1,True,False,True,2
1271.9,155,1,True,False,False,1
26.55,228,1,True,False,False,1
147.4,259,1,True,True,False,0
202.11,18,1,True,False,False,1
308.42,39,1,True,True,False,0
11.18,144,1,True,False,False,1
294.15,136,1,True,False,True,2
29.58,121,1,True,True,False,0
139.45,31,1,True,False,True,2
432.63,137,1,True,False,False,1
131.43,65,1,True,False,True,2
516.72,128,1,True,False,False,1
121.82,123,3,True,False,True,2
374.5,178,1,False,True,False,0
166.13,227,1,True,False,False,1
626.9,146,1,True,False,False,1
466.85,165,1,True,True,False,0
788.84,231,1,True,False,True,2
873.65,59,1,False,False,True,2
525.28,134,1,True,False,False,1
110.17,137,1,True,False,False,1
632.69,76,1,True,False,False,1
124.35,90,1,True,False,False,1
43.85,122,1,True,False,False,1
283.81,29,1,True,True,False,0
168.53,112,1,True,False,False,1
218.59,123,1,False,True,False,0
132.84,143,1,True,False,False,1
157.37,289,1,False,True,False,0
144.77,159,1,True,False,True,2
643.22,93,1,True,False,False,1
1392.54,297,1,True,True,False,0
208.07,36,1,True,False,True,2
94.3,57,1,True,True,False,0
295.5,36,1,True,False,False,1
30.23,99,1,True,False,False,1
112.05,159,1,False,False,False,1
180.24,144,1,True,True,False,0
13.71,148,1,False,False,True,2
96.54,95,1,True,True,False,0
79.35,70,1,True,False,True,2
101.04,160,1,True,False,False,1
74.42,68,1,True,False,True,2
39.66,169,1,True,True,False,0
99.36,46,1,True,False,False,1
123.85,244,1,True,False,True,2
426.93,248,1,True,False,False,1
133.73,123,1,False,False,True,2
222.39,73,1,True,False,True,2
215.94,140,1,False,False,True,2
6.3,283,5,True,True,False,0
826.23,209,1,True,False,False,1
416.37,67,1,True,False,True,2
131.46,258,1,True,True,False,0
202.86,149,1,False,True,False,0
268.39,171,1,True,False,False,1
194.85,130,4,True,False,True,2
137.35,220,1,False,False,True,2
712.75,25,1,True,True,False,0
353.82,143,1,True,False,False,1
507.25,143,1,True,True,False,0
212.74,128,1,True,True,False,0
364.42,146,1,True,False,False,1
195.12,144,1,True,False,False,1
230.61,204,1,True,True,False,0
739.28,47,1,False,True,False,0
390.35,61,1,False,False,False,1
242.03,124,1,True,False,True,2
242.39,271,1,False,False,False,1
135.03,180,1,True,False,False,1
83.5,91,5,True,True,False,0
193.54,267,1,True,True,False,0
617.36,61,1,True,True,False,0
775.23,38,1,False,False,True,2
266.57,100,1,True,False,False,1
153.4,144,1,True,False,False,1
946.94,251,1,True,True,False,0
5.12,90,1,True,True,False,0
119.11,131,1,True,False,False,1
1096.7,147,1,True,False,True,2
119.72,123,1,True,True,False,0
107.4,32,1,True,False,True,2
115.92,57,1,True,False,False,1
438.04,247,1,True,False,False,1
677.29,287,1,True,False,True,2
296.0,248,1,True,True,False,0
299.09,84,1,False,True,False,0
461.52,44,1,False,True,False,0
100.52,110,1,True,False,False,1
85.35,166,1,True,False,False,1
79.76,170,1,True,True,False,0
778.49,107,1,False,False,True,2
386.38,135,1,True,False,True,2
165.25,106,1,True,False,True,2
14.29,150,1,True,False,False,1
232.79,145,1,False,True,False,0
1237.56,159,1,False,True,False,0
92.29,115,1,True,True,False,0
293.97,153,1,True,True,False,0
136.32,113,1,True,False,True,2
251.06,34,1,True,False,True,2
50.17,35,1,False,False,False,1
21.4,258,1,True,True,False,0
73.28,21,1,True,True,False,0
70.23,260,1,True,False,False,1
689.29,100,1,True,False,False,1
745.03,231,1,True,False,True,2
54.61,160,1,True,False,False,1
54.05,146,1,True,True,False,0
107.47,144,1,True,False,True,2
611.11,282,4,True,False,False,1
219.63,44,1,True,False,False,1
188.7,123,1,True,True,False,0
93.52,97,1,True,False,True,2
275.92,107,1,False,True,False,0
376.79,265,1,True,True,False,0
8.98,56,1,True,False,True,2
697.32,91,1,True,False,True,2
17.45,88,1,True,False,False,1
302.16,138,5,True,False,True,2
442.74,136,1,True,True,False,0
623.9,249,1,True,False,False,1
445.41,235,3,True,False,False,1
63.41,36,1,True,False,False,1
346.85,88,1,True,False,False,1
71.95,53,1,False,False,True,2
7.5,36,1,True,False,True,2
206.46,279,1,True,False,False,1
423.11,47,1,True,False,False,1
35.84,172,1,False,False,True,2
88.6,105,1,False,True,False,0
1431.3,168,1,True,False,False,1
53.81,37,2,False,False,False,1
22.46,78,1,True,False,True,2
334.89,260,1,True,False,True,2
319.27,59,1,False,False,True,2
144.3,88,1,True,False,False,1
348.7,149,1,False,True,False,0
366.21,181,1,True,False,False,1
99.11,12,1,True,False,True,2
539.35,127,1,True,False,False,1
188.99,92,1,True,True,False,0
1416.69,58,1,True,False,False,1
710.14,227,1,True,False,False,1
308.68,170,1,True,False,True,2
166.68,139,1,True,False,False,1
0.99,133,1,True,False,False,1
505.19,128,5,True,False,False,1
66.58,79,1,True,True,False,0
223.43,178,1,True,True,False,0
659.95,114,1,True,False,True,2
634.86,45,1,True,False,False,1
286.5,60,1,False,True,False,0
322.96,168,1,False,True,False,0
654.48,114,1,True,True,False,0
157.97,140,1,True,True,False,0
120.9,52,1,True,True,False,0
254.77,57,1,True,True,False,0
795.96,119,1,True,False,True,2
149.25,142,1,True,False,False,1
3.42,158,1,False,False,True,2
68.19,189,1,False,False,True,2
493.42,111,1,True,True,False,0
37.57,42,1,True,False,False,1
127.0,68,5,False,True,False,0
96.89,53,1,True,False,False,1
448.33,161,1,True,False,False,1
1116.48,55,1,True,False,False,1
8.65,273,1,True,False,True,2
65.57,82,1,True,False,True,2
539.81,177,1,True,False,True,2
363.53,142,1,True,False,False,1
64.9,72,1,False,True,False,0
358.18,157,1,True,False,False,1
167.2,84,1,True,True,False,0
121.91,133,1,True,True,False,0
137.57,70,1,True,False,True,2
534.62,45,1,True,False,True,2
463.92,199,1,True,False,True,2
320.14,96,1,True,False,True,2
214.93,52,1,True,False,True,2
660.02,84,1,True,True,False,0
345.81,135,1,True,True,False,0
143.54,80,1,True,False,False,1
42.55,29,1,True,True,False,0
1063.25,128,1,False,False,True,2
541.79,125,1,True,False,False,1
40.57,63,1,True,True,False,0
120.24,131,2,True,True,False,0
498.67,244,1,True,False,True,2
227.22,220,1,True,False,False,1
1182.86,34,1,True,False,True,2
56.94,74,1,False,False,True,2
629.82,159,1,True,False,False,1
59.44,176,1,True,False,True,2
186.69,54,1,True,True,False,0
230.46,179,1,True,False,True,2
65.09,159,1,False,False,True,2
457.09,63,1,False,False,True,2
552.02,100,1,False,False,False,1
377.12,61,1,True,False,False,1
204.56,179,1,False,True,False,0
420.28,144,1,True,True,False,0
97.09,202,4,True,False,False,1
124.59,171,1,True,True,False,0
73.88,34,1,True,False,True,2
77.43,169,1,True,False,True,2
106.16,277,4,True,False,False,1
245.93,172,1,True,True,False,0
622.41,125,1,True,False,False,1
43.73,145,1,True,False,False,1
1282.86,68,1,True,True,False,0
2.03,28,1,False,False,False,1
770.65,137,1,True,False,True,2
260.31,113,1,True,True,False,0
356.1,187,1,False,True,False,0
27.07,39,1,False,True,False,0
119.89,60,1,True,False,False,1
106.39,281,1,True,False,True,2
12.04,58,1,True,False,True,2
365.7,115,2,True,True,False,0
29.38,63,1,False,True,False,0
319.85,148,1,True,False,False,1
350.14,38,1,False,False,True,2
163.94,73,1,False,True,False,0
170.53,58,1,True,True,False,0
262.22,136,1,False,False,False,1
41.49,13,1,True,False,True,2
121.43,243,1,False,True,False,0
350.46,165,1,True,True,False,0
220.41,155,1,False,False,True,2
33.46,111,1,True,False,False,1
104.79,223,1,True,False,False,1
246.27,141,1,True,False,True,2
48.85,176,1,True,False,False,1
332.0,17,1,True,False,False,1
118.1,167,1,True,False,True,2
84.59,10,1,False,True,False,0
295.64,82,1,True,False,True,2
514.33,160,1,True,True,False,0
992.17,169,1,True,False,False,1
94.59,34,1,True,False,True,2
80.43,157,1,True,True,False,0
54.25,37,1,True,False,True,2
178.88,93,4,False,True,False,0
518.85,82,1,True,False,True,2
10.65,161,1,True,False,True,2
198.62,84,1,False,True,False,0
107.03,73,1,True,True,False,0
139.57,263,3,True,False,False,1
312.47,148,4,True,False,False,1
346.11,213,1,True,True,False,0
138.06,159,1,True,True,False,0
158.02,120,1,True,False,False,1
830.01,96,1,False,False,True,2
435.5,112,1,True,False,False,1
110.49,48,1,True,False,True,2
329.4,68,1,True,False,True,2
635.4,106,1,True,False,False,1
769.97,23,1,True,True,False,0
175.07,169,1,True,True,False,0
7.31,282,1,True,True,False,0
175.15,32,1,True,False,False,1
32.54,183,4,True,False,True,2
121.82,119,1,True,False,True,2
56.12,102,1,True,False,False,1
424.7,178,1,False,False,True,2
35.16,130,1,True,True,False,0
35.73,87,1,True,True,False,0
3.44,108,1,True,False,False,1
1342.25,235,1,False,True,False,0
139.03,81,1,False,False,True,2
254.92,169,1,False,False,False,1
115.11,139,1,True,False,True,2
171.11,171,1,True,False,False,1
168.54,142,2,True,False,False,1
420.76,76,1,True,True,False,0
408.46,28,1,True,True,False,0
1162.42,45,1,False,False,True,2
342.17,247,1,False,True,False,0
580.71,95,1,True,False,False,1
821.54,36,1,False,True,False,0
253.47,238,1,True,True,False,0
22.81,75,1,True,False,True,2
266.57,96,1,False,False,True,2
374.61,37,1,False,False,True,2
339.35,70,1,False,False,False,1
810.36,67,1,True,False,False,1
9.83,86,1,True,False,False,1
135.57,116,1,False,True,False,0
340.05,37,1,True,False,False,1
283.45,127,1,True,True,False,0
100.99,114,1,True,False,False,1
90.88,176,1,True,True,False,0
655.15,264,1,True,False,False,1
320.55,118,1,True,False,True,2
41.51,48,1,True,False,True,2
71.53,39,1,False,True,False,0
467.13,45,1,False,True,False,0
235.4,70,1,True,True,False,0
159.32,100,1,True,True,False,0
50.83,48,1,False,False,True,2
56.89,56,1,False,True,False,0
20.22,138,1,True,False,False,1
50.4,84,1,True,True,False,0
73.88,131,1,True,True,False,0
119.61,53,1,True,False,False,1
1241.05,129,1,True,True,False,0
116.58,247,1,True,True,False,0
1919.11,161,1,True,False,False,1
391.96,79,1,True,False,False,1
156.26,160,1,False,True,False,0
427.0,163,1,False,True,False,0
443.68,137,1,True,False,False,1
101.76,26,1,True,True,False,0
67.57,107,1,True,True,False,0
326.29,179,1,True,False,True,2
158.56,100,1,True,False,False,1
56.02,142,1,True,False,True,2
288.28,36,1,True,False,True,2
245.67,107,1,False,True,False,0
152.18,176,4,False,False,True,2
114.35,21,1,False,True,False,0
373.27,79,1,False,False,True,2
504.63,168,1,True,False,True,2
126.22,77,4,True,False,False,1
820.15,181,1,True,True,False,0
986.81,127,1,False,False,True,2
8.37,135,1,True,False,False,1
197.49,30,1,False,False,True,2
637.97,90,1,True,True,False,0
13.52,65,1,True,False,False,1
432.1,240,1,True,False,False,1
375.17,66,2,True,False,False,1
642.68,94,1,True,True,False,0
78.44,292,1,False,False,True,2
139.72,201,1,True,True,False,0
499.99,296,1,True,True,False,0
10.07,49,1,True,False,True,2
120.62,85,1,True,False,False,1
578.49,180,1,True,True,False,0
119.3,22,5,True,True,False,0
280.92,168,1,True,False,True,2
42.42,102,1,True,False,True,2
77.03,259,1,True,False,False,1
22.59,45,1,True,False,False,1
568.76,155,1,True,False,False,1
25.94,211,5,False,False,True,2
105.94,207,1,True,True,False,0
733.29,94,5,True,False,False,1
350.15,195,1,False,False,False,1
1151.18,105,1,True,False,False,1
183.67,238,1,True,False,True,2
278.27,123,1,True,True,False,0
470.3,88,1,True,False,False,1
261.69,84,1,True,False,False,1
365.04,94,1,True,True,False,0
211.1,136,1,True,True,False,0
21.49,240,1,True,False,False,1
63.58,199,1,True,False,False,1
321.86,167,1,True,False,False,1
12.11,127,1,True,True,False,0
642.54,28,1,True,True,False,0
210.45,146,1,True,False,False,1
313.65,173,1,False,True,False,0
99.76,131,1,True,True,False,0
115.32,113,1,True,True,False,0
33.61,72,1,True,False,True,2
498.59,32,1,False,False,True,2
98.81,91,1,True,True,False,0
1.87,147,1,True,False,False,1
78.92,95,1,False,False,True,2
194.29,10,1,False,True,False,0
28.73,185,1,True,False,False,1
105.53,88,1,True,False,True,2
737.34,34,1,True,False,True,2
237.86,210,1,True,False,False,1
409.61,89,1,True,True,False,0
75.53,157,1,False,False,True,2
72.75,15,1,True,False,False,1
39.11,143,1,True,False,True,2
1309.79,139,1,True,False,False,1
729.38,90,1,True,False,False,1
137.49,50,1,True,False,False,1
504.71,61,1,True,False,True,2
371.47,58,1,False,True,False,0
430.35,205,1,True,False,True,2
230.32,56,1,True,True,False,0
121.71,140,1,True,False,False,1
98.87,179,1,True,False,True,2
117.55,35,1,True,False,False,1
244.64,103,1,True,True,False,0
321.93,12,1,True,False,False,1
1092.73,11,1,True,True,False,0
283.23,98,1,True,False,True,2
346.65,60,1,True,False,True,2
381.62,164,1,True,False,True,2
388.65,43,1,True,False,False,1
29.22,151,1,True,False,False,1
46.75,150,1,True,True,False,0
348.64,128,1,True,False,True,2
319.17,81,1,True,False,True,2
73.95,76,1,True,False,False,1
389.63,99,1,True,False,True,2
217.61,45,1,True,False,False,1
199.84,150,1,True,False,False,1
56.35,75,1,True,False,False,1
248.95,29,1,False,True,False,0
142.58,145,1,True,False,False,1
1020.73,87,1,True,False,False,1
84.34,248,3,True,False,True,2
1607.55,156,1,True,False,False,1
333.78,98,1,True,False,False,1
332.59,143,1,True,False,True,2
236.81,15,1,True,True,False,0
417.8,130,1,False,True,False,0
319.27,150,1,True,False,False,1
384.1,172,1,True,True,False,0
820.62,158,1,False,True,False,0
474.77,50,1,False,False,True,2
542.72,92,1,False,True,False,0
79.8,76,1,True,False,False,1
46.24,52,1,True,True,False,0
327.8,54,1,True,False,False,1
445.79,161,1,True,False,False,1
55.89,150,1,True,False,True,2
158.41,16,1,True,True,False,0
101.19,75,1,False,False,True,2
827.14,265,4,True,True,False,0
61.97,95,1,True,False,False,1
27.21,102,1,True,False,False,1
173.74,64,1,True,False,True,2
176.11,105,1,True,True,False,0
88.4,174,1,True,False,True,2
567.92,14,1,True,False,True,2
138.11,104,1,False,False,True,2
456.93,193,1,False,True,False,0
101.42,146,1,True,False,True,2
300.61,51,1,True,False,True,2
265.94,132,1,True,False,True,2
345.54,50,1,True,False,True,2
411.52,88,1,True,False,False,1
111.21,111,1,True,True,False,0
316.37,86,1,True,False,False,1
260.63,142,1,True,True,False,0
92.36,144,1,True,False,False,1
262.06,118,1,True,True,False,0
64.5,230,1,True,False,False,1
253.55,85,5,True,False,False,1
408.28,125,3,False,True,False,0
175.94,89,1,True,False,False,1
199.47,142,1,True,False,True,2
51.07,133,1,True,True,False,0
435.86,134,1,True,False,False,1
74.73,162,1,False,True,False,0
182.79,14,1,False,False,True,2
628.36,108,1,True,False,True,2
268.39,177,1,True,False,True,2
362.27,47,1,True,False,False,1
560.15,92,1,False,False,True,2
351.99,45,2,True,False,False,1
132.36,160,1,True,True,False,0
24.77,17,1,False,False,True,2
668.67,143,4,True,False,True,2
80.24,58,1,False,True,False,0
8.65,198,1,True,False,False,1
178.91,19,1,True,False,False,1
115.22,108,1,True,True,False,0
161.63,276,1,True,False,True,2
542.75,63,1,False,True,False,0
317.47,16,1,False,False,True,2
280.99,29,1,True,True,False,0
24.19,28,1,True,False,False,1
586.85,86,1,True,False,False,1
372.41,143,1,True,False,False,1
63.17,148,1,True,False,False,1
383.69,285,1,True,False,True,2
247.17,149,1,False,True,False,0
48.78,136,1,False,True,False,0
4.15,119,1,False,True,False,0
60.99,58,1,True,True,False,0
408.19,241,1,True,True,False,0
524.6,76,1,True,True,False,0
108.96,247,1,True,False,False,1
70.03,49,1,True,True,False,0
124.84,79,1,True,False,True,2
324.04,30,1,True,False,False,1
39.69,163,1,True,False,True,2
157.7,46,1,False,True,False,0
81.27,68,1,False,False,True,2
193.82,176,1,True,True,False,0
16.73,165,1,True,False,True,2
474.05,214,1,True,False,False,1
39.21,245,4,True,False,False,1
637.75,152,1,True,True,False,0
153.59,174,1,False,True,False,0
186.6,139,1,True,True,False,0
644.08,55,1,True,False,True,2
226.66,168,1,True,True,False,0
305.0,222,1,True,False,False,1
233.1,37,1,False,True,False,0
793.13,76,1,True,False,True,2
224.19,93,1,True,False,False,1
214.83,63,1,False,False,False,1
163.46,111,1,False,True,False,0
194.99,91,1,True,True,False,0
23.4,175,4,True,False,False,1
227.5,277,1,True,False,True,2
259.9,100,1,True,False,True,2
59.51,55,1,False,False,True,2
50.63,143,1,True,False,True,2
1074.95,91,1,True,True,False,0
112.94,31,1,False,False,True,2
11.81,131,1,True,False,False,1
329.14,14,1,True,True,False,0
154.24,82,1,True,False,False,1
233.44,297,1,True,False,True,2
141.8,116,1,True,False,False,1
209.03,126,1,True,True,False,0
1137.63,144,1,True,False,False,1
261.14,162,1,True,False,False,1
101.81,105,1,True,False,False,1
98.71,117,1,True,False,False,1
87.38,252,1,True,True,False,0
83.39,158,1,True,True,False,0
267.55,40,1,True,False,True,2
870.05,39,1,True,False,False,1
154.32,269,1,False,False,False,1
164.51,110,1,True,True,False,0
758.12,90,1,True,False,False,1
103.76,188,1,True,False,True,2
583.92,139,1,True,False,True,2
204.06,159,1,True,False,True,2
53.51,165,1,True,False,True,2
1108.46,262,1,True,True,False,0
52.95,14,1,False,False,True,2
120.17,105,1,True,False,False,1
220.8,28,1,True,False,True,2
119.01,87,1,True,False,False,1
183.32,74,1,True,False,False,1
858.88,227,1,True,False,True,2
11.46,128,1,False,False,True,2
61.37,164,1,True,True,False,0
103.08,150,1,False,True,False,0
1.21,196,1,True,True,False,0
425.18,172,1,False,False,True,2
60.96,238,1,True,False,False,1
64.21,37,1,True,False,False,1
523.02,83,1,True,False,True,2
50.26,164,1,True,True,False,0
110.08,95,1,True,True,False,0
54.47,34,1,False,True,False,0
79.76,115,1,True,False,True,2
16.79,146,1,False,False,True,2
1531.31,62,4,True,False,True,2
68.62,157,1,True,True,False,0
157.16,280,1,True,True,False,0
643.38,105,1,False,False,True,2
328.34,31,1,False,False,True,2
72.68,44,1,True,False,True,2
354.76,279,1,True,True,False,0
793.88,252,1,False,False,False,1
29.22,69,1,True,False,False,1
653.97,100,1,True,False,True,2
366.43,92,1,False,False,True,2
120.86,162,4,True,False,True,2
233.74,142,1,True,False,True,2
471.84,138,1,True,False,False,1
213.4,100,1,False,True,False,0
254.21,46,1,True,False,False,1
577.73,63,1,True,False,False,1
170.26,265,1,True,False,False,1
337.73,107,4,True,False,True,2
330.61,113,1,False,True,False,0
132.33,47,1,False,False,False,1
672.74,118,1,False,True,False,0
74.04,66,1,True,False,True,2
197.18,135,1,True,False,True,2
21.15,180,1,True,True,False,0
218.37,105,1,True,False,False,1
590.01,140,3,True,False,True,2
697.82,153,1,True,False,True,2
302.76,88,3,True,False,False,1
148.0,35,1,True,True,False,0
22.26,56,1,True,True,False,0
0.86,139,1,True,False,False,1
757.1,203,1,True,True,False,0
38.81,145,1,False,False,True,2
76.51,120,4,False,False,True,2
32.46,10,1,True,False,True,2
1022.75,158,1,False,True,False,0
20.64,59,1,True,True,False,0
662.11,219,1,True,True,False,0
288.77,110,1,True,False,False,1
35.05,105,1,True,True,False,0
214.73,26,1,False,False,False,1
25.38,66,1,True,True,False,0
617.66,40,1,True,False,False,1
446.39,77,1,True,False,False,1
377.92,204,1,True,True,False,0
11.04,43,1,True,False,True,2
275.46,67,1,True,False,False,1
179.76,81,1,True,False,True,2
32.34,45,1,True,True,False,0
273.92,109,1,True,True,False,0
375.45,32,1,True,True,False,0
388.98,155,1,True,False,False,1
492.84,38,1,True,False,False,1
148.85,25,1,True,False,False,1
119.95,47,5,False,True,False,0
391.66,103,1,True,True,False,0
185.99,53,1,False,True,False,0
322.48,57,1,True,False,False,1
20.27,22,1,True,True,False,0
280.61,129,3,True,False,False,1
199.02,269,1,True,False,False,1
104.23,108,1,False,False,True,2
353.59,109,5,False,True,False,0
55.86,68,1,True,False,True,2
10.77,178,1,True,False,False,1
95.55,51,1,True,True,False,0
477.07,278,1,True,False,True,2
9.1,63,1,False,False,True,2
21.41,99,1,True,False,True,2
278.28,26,1,True,True,False,0
388.1,40,1,False,False,True,2
215.39,216,1,True,False,False,1
194.37,161,1,True,False,False,1
37.7,109,1,True,False,False,1
19.59,122,1,True,True,False,0
81.35,103,1,True,False,True,2
314.54,228,1,False,True,False,0
466.64,11,1,True,False,False,1
397.01,100,1,True,False,False,1
472.48,87,1,True,True,False,0
67.15,14,1,True,False,True,2
102.67,119,1,True,True,False,0
460.09,146,3,False,False,True,2
453.49,147,1,True,True,False,0
267.17,170,1,True,False,False,1
111.26,43,1,True,False,False,1
121.17,158,1,True,False,False,1
213.28,94,1,True,True,False,0
187.88,180,1,True,False,False,1
471.88,141,1,False,False,True,2
83.79,47,1,True,False,False,1
212.14,105,1,True,True,False,0
99.16,202,1,True,False,True,2
839.33,86,1,False,True,False,0
29.91,43,3,False,False,True,2
4.24,38,1,True,False,True,2
50.29,64,1,False,False,True,2
135.85,269,1,True,False,True,2
368.53,34,1,True,True,False,0
17.95,135,1,False,True,False,0
127.8,47,1,False,True,False,0
16.73,48,1,True,False,True,2
317.12,80,1,True,True,False,0
476.63,115,1,True,False,False,1
156.58,160,1,True,True,False,0
55.12,261,1,False,False,True,2
15.74,38,1,True,True,False,0
353.68,145,1,True,False,True,2
297.15,178,1,True,False,True,2
647.85,121,1,True,True,False,0
75.04,178,1,True,False,False,1
273.92,35,1,True,False,True,2
215.8,66,1,False,True,False,0
963.77,248,1,True,False,False,1
420.6,55,1,True,True,False,0
688.36,22,1,False,True,False,0
285.18,150,1,False,True,False,0
213.55,15,1,True,False,False,1
463.11,159,1,False,True,False,0
150.03,176,1,True,False,False,1
428.61,131,1,True,True,False,0
309.56,147,1,True,False,True,2
377.08,71,1,False,True,False,0
77.25,157,1,True,True,False,0
146.92,272,1,True,False,False,1
126.6,146,1,True,True,False,0
101.34,46,1,True,False,False,1
184.97,268,1,True,True,False,0
451.15,175,1,True,False,False,1
516.47,94,1,False,False,False,1
880.04,29,1,True,False,False,1
353.69,163,1,True,False,True,2
66.69,140,1,False,True,False,0
95.75,169,1,True,True,False,0
43.91,86,1,True,False,True,2
98.03,165,1,True,True,False,0
617.66,128,1,True,False,False,1
888.57,102,1,True,False,True,2
107.48,129,1,True,True,False,0
36.57,69,1,True,False,False,1
575.62,129,1,True,False,True,2
84.89,70,1,True,False,False,1
832.3,86,1,False,True,False,0
180.65,38,5,True,True,False,0
7.76,84,1,False,False,True,2
109.3,27,1,True,True,False,0
230.08,124,1,True,False,True,2
361.92,111,1,True,False,False,1
71.29,55,2,True,False,False,1
122.45,98,1,True,True,False,0
642.53,128,1,True,False,False,1
62.86,31,1,True,True,False,0
175.21,69,1,False,False,False,1
168.0,11,1,False,True,False,0
11.46,73,1,True,False,True,2
382.07,147,1,False,True,False,0
13.48,20,3,True,False,True,2
65.32,54,1,True,False,False,1
83.07,291,4,True,True,False,0
730.1,93,1,False,True,False,0
85.31,27,1,True,False,False,1
726.61,277,1,True,False,False,1
130.4,63,1,True,True,False,0
68.1,47,1,True,False,False,1
65.26,72,1,True,True,False,0
191.62,51,1,True,True,False,0
212.88,122,1,True,False,True,2
88.38,138,1,True,False,False,1
48.77,51,1,False,False,True,2
289.1,206,1,True,False,False,1
390.09,49,1,True,False,True,2
48.29,242,1,True,False,True,2
333.83,135,1,True,False,False,1
1074.29,79,1,True,True,False,0
100.27,51,1,True,False,True,2
44.54,164,1,True,False,False,1
1156.18,40,1,False,False,True,2
82.17,21,1,True,True,False,0
1045.45,150,1,True,False,True,2
447.42,65,1,True,False,True,2
590.26,48,1,False,True,False,0
192.73,157,1,True,True,False,0
146.01,269,1,True,False,True,2
136.05,63,3,True,False,True,2
11.57,64,1,False,True,False,0
102.34,78,1,True,False,True,2
7.82,273,1,True,False,False,1
79.43,72,1,True,False,False,1
386.97,137,1,True,True,False,0
51.22,82,1,True,True,False,0
256.05,35,1,True,False,False,1
7.79,298,1,True,True,False,0
233.71,11,1,True,True,False,0
176.37,126,1,True,True,False,0
122.63,153,1,True,True,False,0
86.41,125,1,True,False,False,1
21.57,71,1,True,False,False,1
82.67,46,1,True,True,False,0
451.35,223,1,False,True,False,0
299.42,53,1,False,True,False,0
543.47,122,1,True,False,False,1
346.76,116,1,False,True,False,0
47.48,66,1,True,True,False,0
64.92,236,1,True,True,False,0
350.72,48,1,False,False,False,1
3.8,174,1,True,False,True,2
22.54,42,1,True,False,True,2
767.14,38,1,False,True,False,0
167.47,103,1,True,False,False,1
43.65,212,1,False,True,False,0
391.08,105,1,True,False,True,2
390.77,34,1,True,False,True,2
508.16,131,1,True,False,False,1
36.76,108,1,False,False,True,2
332.33,101,1,True,False,False,1
362.09,31,1,True,True,False,0
42.58,80,1,True,False,True,2
122.35,188,1,False,True,False,0
248.66,113,1,True,False,True,2
461.25,171,1,False,False,True,2
61.77,49,1,True,True,False,0
268.92,148,1,True,True,False,0
303.97,77,5,True,False,True,2
219.02,68,1,False,False,True,2
125.14,31,1,True,True,False,0
47.6,115,1,True,False,True,2
592.82,248,1,True,False,True,2
372.5,211,1,True,False,False,1
4.72,20,1,True,True,False,0
144.93,74,1,True,True,False,0
316.56,261,1,True,False,True,2
9.18,140,1,True,False,True,2
421.25,66,1,True,False,True,2
185.71,194,1,True,True,False,0
1432.02,138,1,True,True,False,0
26.27,177,1,False,False,True,2
297.03,151,1,True,False,True,2
341.67,96,5,True,True,False,0
99.52,127,1,True,False,False,1
881.1,16,1,True,True,False,0
139.69,180,1,True,False,True,2
42.72,143,1,True,False,False,1
112.72,17,1,True,True,False,0
568.88,105,1,True,True,False,0
189.03,50,1,True,False,False,1
199.8,163,1,True,False,False,1
189.08,238,1,True,True,False,0
958.9,135,1,True,True,False,0
409.59,50,1,True,False,True,2
349.34,245,1,False,False,False,1
283.15,180,1,True,False,True,2
151.82,105,1,True,False,False,1
438.59,103,1,True,False,True,2
590.57,93,1,True,False,False,1
63.74,31,1,True,False,True,2
77.02,132,1,False,False,True,2
501.15,208,1,True,True,False,0
917.81,75,2,True,False,False,1
8.95,102,1,True,False,True,2
173.6,160,1,True,False,True,2
149.4,123,1,True,False,False,1
388.21,237,1,False,True,False,0
484.3,230,3,False,False,True,2
126.04,167,1,False,True,False,0
52.04,31,1,False,True,False,0
389.7,216,1,False,True,False,0
161.1,104,1,False,False,False,1
309.77,137,1,False,False,True,2
838.57,273,1,True,False,False,1
202.55,34,2,True,False,False,1
724.18,134,1,True,True,False,0
124.98,78,1,True,False,False,1
487.32,164,1,True,True,False,0
635.91,78,1,False,True,False,0
205.65,144,1,True,True,False,0
39.41,132,1,True,True,False,0
254.0,63,1,True,True,False,0
436.8,213,1,True,True,False,0
224.73,63,1,True,True,False,0
752.69,115,1,False,False,False,1
78.5,41,1,False,True,False,0
50.0,87,1,False,False,False,1
132.42,164,1,True,False,False,1
11.67,105,1,True,True,False,0
83.16,177,1,True,False,False,1
149.02,176,1,False,True,False,0
74.27,148,1,False,False,True,2
876.57,118,1,False,False,False,1
615.58,133,1,True,False,False,1
643.03,52,1,False,False,True,2
7.95,65,1,True,False,False,1
270.92,143,1,False,True,False,0
499.48,133,1,True,False,False,1
841.5,287,1,False,True,False,0
138.82,53,1,True,False,True,2
231.46,83,1,False,True,False,0
292.08,32,1,True,False,False,1
63.98,258,1,True,False,True,2
235.21,74,1,True,True,False,0
201.73,78,1,True,False,True,2
161.31,13,1,True,False,False,1
18.41,168,1,True,True,False,0
471.75,41,1,False,True,False,0
290.02,246,1,True,True,False,0
48.05,38,1,True,True,False,0
359.42,30,1,True,True,False,0
32.91,255,1,True,False,True,2
3.8,140,1,True,True,False,0
31.81,149,1,True,False,True,2
220.2,102,1,True,False,True,2
476.03,99,1,False,True,False,0
141.91,49,1,True,True,False,0
95.83,91,1,True,False,True,2
51.15,199,1,False,True,False,0
1192.2,103,5,False,True,False,0
50.75,185,1,True,False,False,1
185.07,159,1,True,True,False,0
293.54,45,1,True,False,True,2
23.38,89,1,True,True,False,0
285.26,93,1,True,False,False,1
129.48,179,1,True,False,False,1
743.03,174,1,True,False,False,1
297.86,96,1,False,False,False,1
231.92,12,1,True,False,False,1
295.82,46,1,False,True,False,0
302.86,275,1,True,False,True,2
81.08,56,1,True,False,False,1
775.6,158,1,False,True,False,0
178.43,136,1,True,True,False,0
211.91,181,1,True,False,True,2
17.21,219,1,True,False,True,2
124.22,172,1,True,False,False,1
38.37,135,1,True,False,False,1
269.79,17,1,True,False,False,1
605.42,33,1,True,False,False,1
11.19,40,1,True,False,False,1
29.19,41,1,False,True,False,0
701.7,64,1,False,False,True,2
862.34,72,1,True,True,False,0
410.97,45,1,True,False,False,1
36.97,79,1,True,True,False,0
137.59,95,1,True,False,False,1
168.11,12,1,False,False,True,2
430.98,93,1,True,True,False,0
13.87,20,1,True,True,False,0
642.68,66,1,True,False,False,1
175.07,169,2,True,False,True,2
302.82,175,1,True,False,False,1
1647.74,52,1,True,False,False,1
406.81,84,1,True,False,True,2
256.3,172,1,True,False,True,2
80.96,97,1,False,False,True,2
95.78,27,1,True,False,True,2
379.54,118,1,False,True,False,0
903.19,65,1,True,False,True,2
142.19,27,4,True,True,False,0
847.45,175,1,True,True,False,0
295.18,31,1,False,True,False,0
18.46,213,1,True,True,False,0
603.23,48,1,True,True,False,0
54.5,147,1,False,True,False,0
414.77,274,1,True,False,True,2
886.19,69,1,True,True,False,0
440.03,88,1,True,False,True,2
35.46,285,1,True,False,False,1
76.39,219,1,True,True,False,0
595.91,162,1,False,False,False,1
6.03,70,1,True,True,False,0
249.34,197,1,True,False,False,1
421.52,67,1,True,True,False,0
189.77,24,1,True,True,False,0
73.19,213,1,True,True,False,0
188.13,198,1,False,False,True,2
30.52,122,1,True,True,False,0
1235.69,118,1,False,True,False,0
1159.39,150,1,True,False,True,2
170.24,133,1,True,True,False,0
56.62,121,1,True,True,False,0
53.14,70,1,True,False,False,1
587.23,144,1,True,False,True,2
146.15,75,1,True,True,False,0
21.27,114,1,False,False,True,2
1397.59,144,1,False,False,False,1
76.02,189,1,False,False,True,2
170.19,156,5,False,True,False,0
155.51,15,1,True,False,False,1
135.15,50,1,True,False,True,2
39.48,38,1,True,False,False,1
451.68,15,1,True,False,True,2
19.11,160,1,False,False,True,2
355.0,33,1,False,False,True,2
427.69,236,1,True,False,False,1
254.86,102,1,True,True,False,0
19.48,114,1,True,False,False,1
190.17,265,1,True,False,False,1
91.38,179,1,True,False,False,1
206.63,128,1,False,False,True,2
93.22,52,1,True,False,True,2
547.98,171,1,True,False,False,1
641.06,25,1,True,False,False,1
314.55,19,2,False,True,False,0
836.45,63,1,True,False,True,2
1095.09,52,1,True,False,False,1
189.45,62,1,False,True,False,0
91.84,80,1,False,True,False,0
609.52,169,1,True,False,False,1
859.3,68,1,False,True,False,0
100.01,63,1,True,False,False,1
28.78,51,1,False,False,True,2
111.08,83,1,True,False,True,2
470.96,124,2,False,False,True,2
52.23,96,1,False,True,False,0
78.62,52,1,True,True,False,0
47.79,37,1,True,True,False,0
333.97,45,1,True,True,False,0
30.87,295,1,True,False,False,1
710.43,115,1,True,False,True,2
220.23,48,1,True,False,False,1
27.28,96,1,True,False,False,1
101.52,98,1,True,False,False,1
162.65,147,1,True,False,False,1
10.52,30,1,True,False,False,1
270.72,37,1,True,True,False,0
202.34,134,1,True,False,True,2
247.58,152,1,True,False,False,1
686.17,96,1,True,False,False,1
359.65,289,1,False,False,True,2
109.91,90,1,True,True,False,0
215.72,137,1,False,True,False,0
490.76,156,1,True,False,True,2
224.28,68,1,True,False,True,2
614.03,51,1,True,False,False,1
608.79,157,1,True,False,True,2
186.55,288,1,True,True,False,0
840.16,68,1,False,True,False,0
203.34,66,1,True,False,False,1
90.88,284,1,True,False,False,1
60.11,122,1,False,True,False,0
393.92,47,1,True,True,False,0
19.39,45,1,True,False,False,1
557.41,49,1,False,False,True,2
57.07,99,1,False,False,True,2
395.27,167,1,False,False,True,2
289.05,116,1,True,False,False,1
46.11,233,1,True,False,True,2
335.5,47,1,True,False,False,1
388.07,68,1,True,False,True,2
520.86,66,1,False,False,True,2
787.41,39,1,True,False,True,2
31.7,121,1,False,False,False,1
22.3,90,1,True,False,False,1
203.12,181,1,True,False,False,1
315.94,172,1,False,True,False,0
192.23,39,3,True,False,True,2
1510.71,51,1,True,False,True,2
0.26,173,1,True,False,True,2
210.77,161,1,True,False,False,1
406.65,107,1,True,False,False,1
422.9,111,1,True,False,False,1
20.62,225,1,False,False,False,1
174.39,36,1,True,False,False,1
7.86,91,1,False,True,False,0
61.98,44,1,True,False,True,2
54.85,40,1,False,True,False,0
204.7,95,5,True,True,False,0
16.55,159,1,True,True,False,0
91.32,77,1,True,True,False,0
195.49,212,1,True,False,False,1
49.62,111,1,True,False,False,1
487.16,84,1,False,True,False,0
405.6,44,1,True,False,True,2
512.95,143,1,True,True,False,0
345.94,163,1,True,False,False,1
356.56,52,1,True,False,True,2
10.31,280,1,True,False,True,2
211.69,111,1,True,True,False,0
221.49,196,1,False,True,False,0
278.23,83,1,True,False,True,2
116.88,263,1,True,False,False,1
328.77,247,1,False,False,True,2
77.53,55,1,True,True,False,0
421.74,103,1,True,False,True,2
313.69,152,1,True,True,False,0
411.72,153,1,True,True,False,0
508.73,89,1,True,True,False,0
153.08,201,1,True,False,False,1
23.01,166,1,True,True,False,0
69.28,129,1,True,False,True,2
51.25,66,1,False,True,False,0
407.65,263,1,True,False,False,1
459.25,59,1,True,True,False,0
301.56,118,1,True,True,False,0
17.67,91,1,True,False,True,2
5.29,132,1,False,False,True,2
401.37,251,1,True,True,False,0
145.4,24,1,True,False,True,2
556.34,46,1,True,False,True,2
34.31,251,1,True,False,False,1
780.59,145,1,False,False,True,2
282.65,161,1,True,False,False,1
305.27,147,1,True,False,True,2
185.81,116,1,True,False,True,2
66.01,179,1,True,False,True,2
447.95,75,1,True,True,False,0
279.3,48,1,True,False,False,1
26.75,27,1,True,False,True,2
611.15,121,1,True,False,False,1
275.2,81,1,True,False,True,2
427.79,189,1,True,True,False,0
469.13,139,1,False,False,False,1
102.81,47,1,True,True,False,0
22.61,145,1,True,False,True,2
68.28,293,1,True,False,True,2
33.65,146,1,False,False,True,2
362.68,137,1,False,False,False,1
73.23,172,1,True,True,False,0
654.49,104,1,False,False,True,2
18.56,161,1,False,True,False,0
389.05,41,1,True,False,False,1
7.38,105,1,True,False,True,2
109.48,93,1,True,False,True,2
66.91,85,1,True,False,False,1
335.48,155,1,True,True,False,0
38.14,174,1,True,False,True,2
1076.98,173,1,True,True,False,0
360.02,68,1,True,False,True,2
567.71,80,1,True,False,True,2
218.19,185,1,True,False,False,1
209.99,40,1,True,False,False,1
11.02,280,1,True,True,False,0
83.43,109,1,True,False,True,2
344.97,106,1,True,False,True,2
172.29,283,1,True,False,False,1
195.54,255,1,True,False,True,2
101.23,87,1,True,False,True,2
180.46,34,1,True,False,False,1
692.55,109,1,True,True,False,0
147.31,92,1,False,False,True,2
107.48,103,1,True,True,False,0
1831.02,83,1,False,False,True,2
81.51,97,1,True,True,False,0
365.48,216,1,False,False,True,2
491.1,125,1,False,False,True,2
452.8,151,1,True,True,False,0
645.04,78,1,True,True,False,0
169.28,114,1,True,True,False,0
88.42,91,1,True,False,False,1
155.53,66,1,True,False,False,1
991.82,300,1,True,False,True,2
39.24,106,1,True,False,False,1
152.01,111,3,True,False,False,1
78.77,50,1,False,False,False,1
26.5,179,1,True,False,True,2
83.62,146,1,True,False,False,1
142.78,150,1,True,True,False,0
55.99,95,1,True,False,False,1
774.48,31,1,True,True,False,0
105.37,160,1,True,False,False,1
118.83,295,1,True,False,True,2
46.22,217,1,True,True,False,0
659.71,148,1,False,True,False,0
377.97,160,1,True,False,True,2
114.1,148,1,True,True,False,0
11.3,41,1,False,False,True,2
95.5,17,1,True,False,True,2
130.93,149,1,False,True,False,0
272.97,174,1,True,False,True,2
73.35,47,1,True,True,False,0
29.94,243,1,True,False,False,1
307.24,136,2,True,False,False,1
50.52,140,1,True,False,True,2
820.46,243,1,False,False,True,2
153.07,116,1,True,False,False,1
52.94,146,1,True,True,False,0
384.41,65,1,True,False,False,1
235.42,175,1,True,True,False,0
114.23,64,1,True,False,False,1
12.62,61,1,True,True,False,0
997.37,145,1,True,False,False,1
373.52,235,1,True,False,False,1
336.05,164,1,True,True,False,0
366.93,33,1,True,False,True,2
112.27,102,1,True,True,False,0
494.96,132,1,True,False,False,1
561.58,23,1,True,False,True,2
440.94,148,1,True,False,True,2
71.9,51,1,True,True,False,0
256.66,137,1,False,False,True,2
166.55,99,1,False,True,False,0
276.26,143,1,True,True,False,0
35.46,164,1,True,False,False,1
38.14,165,1,True,True,False,0
506.26,86,1,False,False,False,1
736.32,28,1,True,False,True,2
389.43,151,1,False,False,False,1
25.58,166,1,True,False,False,1
446.1,243,1,True,False,False,1
147.74,15,1,True,True,False,0
1228.81,254,1,True,False,False,1
46.23,282,1,True,False,True,2
265.37,77,1,True,True,False,0
342.57,91,1,True,False,True,2
417.26,45,1,False,False,True,2
33.63,76,1,True,False,True,2
64.58,173,1,True,True,False,0
23.23,122,1,False,True,False,0
160.52,112,1,False,False,False,1
278.88,179,2,True,True,False,0
285.49,109,1,False,True,False,0
71.87,258,1,True,False,False,1
308.8,41,1,True,False,False,1
135.35,82,1,True,True,False,0
288.43,72,1,True,True,False,0
147.46,205,1,False,False,True,2
214.15,217,1,True,True,False,0
71.34,144,3,True,False,True,2
170.36,118,1,True,False,False,1
965.66,32,1,True,False,False,1
736.53,120,1,True,False,False,1
213.42,17,1,True,False,False,1
94.09,203,1,True,True,False,0
91.23,86,1,True,False,False,1
263.92,233,1,False,True,False,0
77.5,201,1,False,False,True,2
3.65,146,1,True,False,True,2
43.88,251,1,False,False,True,2
591.98,132,1,True,False,False,1
224.79,129,1,True,False,True,2
64.3,67,1,True,False,False,1
111.79,49,1,True,False,True,2
927.16,153,1,True,False,False,1
613.7,37,1,False,True,False,0
26.07,19,3,True,True,False,0
170.45,199,1,True,True,False,0
344.27,123,1,True,True,False,0
872.72,288,1,True,False,True,2
292.95,56,1,True,True,False,0
28.44,243,1,True,False,False,1
209.02,74,1,True,False,False,1
20.05,171,1,True,False,False,1
175.02,71,1,True,False,True,2
89.5,134,1,False,True,False,0
69.96,31,1,True,True,False,0
146.51,68,1,True,False,False,1
376.78,88,1,False,False,True,2
148.54,107,1,False,True,False,0
388.77,30,1,False,False,True,2
100.38,49,1,True,True,False,0
137.23,63,1,True,True,False,0
870.3,229,1,True,False,False,1
458.94,180,1,True,True,False,0
327.35,175,1,False,True,False,0
757.15,38,1,True,False,True,2
5.64,47,1,True,False,True,2
47.23,160,1,False,False,True,2
239.41,248,1,False,False,True,2
7.48,29,1,True,False,False,1
170.97,292,1,True,True,False,0
262.43,274,5,False,False,True,2
659.15,204,1,True,False,False,1
31.53,283,1,True,False,True,2
111.66,140,1,False,False,True,2
250.01,88,1,True,False,False,1
554.15,108,1,True,False,False,1
598.66,222,1,False,True,False,0
28.38,98,1,True,True,False,0
16.8,94,1,True,False,False,1
896.79,168,1,True,False,True,2
159.0,38,1,True,False,False,1
56.31,195,1,False,False,True,2
203.99,215,1,True,False,True,2
50.99,76,1,True,True,False,0
101.28,75,1,False,False,True,2
299.92,122,1,True,False,False,1
77.54,73,1,True,False,True,2
18.35,78,1,True,True,False,0
732.53,116,1,False,False,False,1
65.11,150,1,True,False,False,1
67.07,56,1,False,False,False,1
137.48,47,1,True,True,False,0
398.36,56,1,True,False,False,1
469.46,149,1,True,False,False,1
37.58,182,1,True,False,False,1
160.24,15,1,True,False,False,1
315.39,93,1,False,True,False,0
434.17,148,5,True,False,False,1
165.91,84,1,True,False,False,1
211.36,194,1,True,True,False,0
241.45,158,1,True,False,True,2
23.24,129,1,True,True,False,0
70.88,176,1,False,True,False,0
1143.67,111,1,True,False,True,2
314.52,229,1,True,False,False,1
181.81,122,1,False,False,True,2
854.64,118,1,True,True,False,0
261.19,52,1,True,False,False,1
220.68,217,1,False,False,True,2
11.86,129,1,True,True,False,0
122.65,41,1,True,False,True,2
395.16,17,1,True,False,True,2
704.69,150,1,True,False,True,2
369.89,69,1,True,False,False,1
10.92,268,1,True,False,False,1
199.14,36,1,True,True,False,0
109.43,140,1,True,False,False,1
304.15,40,1,True,True,False,0
620.54,98,1,False,True,False,0
757.79,117,1,True,False,True,2
122.81,12,1,True,True,False,0
96.25,171,1,True,False,True,2
1431.33,49,1,True,False,False,1
142.55,97,1,True,False,True,2
35.94,141,1,False,True,False,0
24.86,292,1,True,True,False,0
103.08,109,1,True,False,True,2
116.27,94,1,True,False,True,2
363.84,118,3,True,False,True,2
34.74,72,1,False,False,True,2
64.01,240,1,False,True,False,0
108.75,23,4,True,False,False,1
50.9,150,1,False,False,True,2
206.84,154,1,True,True,False,0
37.4,84,1,True,False,False,1
154.21,75,1,True,False,True,2
199.37,79,1,True,False,True,2
410.49,134,1,False,True,False,0
1360.01,218,1,False,True,False,0
18.23,28,1,True,False,False,1
398.7,276,1,True,False,False,1
122.14,155,1,True,False,True,2
378.2,167,1,True,True,False,0
124.74,33,1,True,False,False,1
17.1,101,1,True,False,False,1
287.05,212,1,True,False,False,1
874.72,173,1,True,False,True,2
1762.28,150,1,True,False,False,1
40.12,269,1,False,False,False,1
125.0,177,1,False,False,True,2
348.44,147,1,True,False,True,2
128.4,31,1,True,False,False,1
320.93,178,1,True,False,True,2
1.41,278,1,True,False,False,1
50.52,293,1,True,True,False,0
383.95,143,1,False,False,True,2
12.94,158,1,True,True,False,0
329.75,211,1,True,False,True,2
981.76,234,1,True,False,True,2
40.79,80,1,True,False,False,1
99.25,93,1,False,False,True,2
150.6,59,1,True,False,False,1
29.5,129,1,True,False,True,2
54.34,46,1,True,False,False,1
18.25,18,1,True,False,False,1
633.87,175,1,True,False,True,2
81.15,114,1,True,False,False,1
83.95,170,1,True,False,True,2
410.4,78,1,False,False,False,1
172.68,17,1,True,False,False,1
139.88,162,1,True,False,False,1
165.55,115,1,True,True,False,0
53.79,137,3,False,False,False,1
285.69,35,1,True,False,False,1
532.4,149,1,True,False,False,1
293.85,144,1,True,False,True,2
27.94,120,1,True,True,False,0
270.36,37,1,True,False,False,1
112.66,176,3,True,False,True,2
506.03,21,1,True,True,False,0
206.95,31,1,True,True,False,0
350.96,167,1,True,False,False,1
261.63,150,1,True,True,False,0
46.12,30,1,True,True,False,0
27.25,92,1,False,True,False,0
1353.93,171,1,True,True,False,0
331.66,145,1,True,False,False,1
667.95,253,1,False,False,False,1
49.84,146,1,True,False,False,1
556.04,27,1,True,False,False,1
88.06,288,1,False,False,True,2
745.95,127,1,True,False,False,1
67.25,157,1,True,False,True,2
93.63,141,1,True,False,False,1
74.11,49,1,True,True,False,0
41.13,58,1,False,True,False,0
192.02,154,1,False,False,True,2
291.27,121,1,True,True,False,0
296.46,136,1,True,True,False,0
341.84,89,1,False,True,False,0
98.41,48,1,True,False,True,2
109.28,112,4,True,False,True,2
27.51,103,1,False,False,True,2
12.18,77,1,True,True,False,0
207.71,63,1,False,False,True,2
25.77,277,1,False,False,True,2
127.57,75,1,True,False,False,1
392.05,172,1,True,False,False,1
521.01,73,1,False,True,False,0
849.76,269,1,True,False,False,1
172.5,31,1,True,False,True,2
265.44,169,1,True,False,False,1
152.34,115,1,True,True,False,0
21.13,153,1,True,True,False,0
111.55,101,1,True,False,False,1
321.82,43,1,False,True,False,0
1294.81,279,1,False,True,False,0
148.77,175,1,True,True,False,0
14.08,154,1,True,True,False,0
1283.97,121,1,True,False,False,1
566.33,66,1,False,False,False,1
206.51,275,1,True,False,False,1
180.94,57,1,True,True,False,0
77.9,128,1,True,True,False,0
318.92,60,1,False,True,False,0
583.3,142,1,False,False,True,2
100.68,139,1,True,False,True,2
589.64,210,1,True,False,True,2
225.93,199,1,False,True,False,0
651.55,82,1,True,False,True,2
80.97,157,1,True,False,True,2
191.89,14,1,True,True,False,0
304.75,125,1,False,True,False,0
201.53,287,1,True,False,True,2
8.45,141,1,True,False,False,1
435.98,105,1,True,True,False,0
743.24,109,1,False,False,True,2
16.27,44,1,True,False,False,1
290.86,36,1,True,False,True,2
85.73,266,1,True,False,False,1
555.71,73,1,False,True,False,0
40.03,200,1,True,True,False,0
73.01,62,1,False,False,True,2
346.12,12,1,True,True,False,0
1.93,175,5,True,True,False,0
252.93,222,1,True,False,False,1
238.54,12,4,True,False,False,1
1011.22,129,1,True,True,False,0
58.7,141,1,True,True,False,0
7.56,145,1,True,False,False,1
540.4,272,1,True,True,False,0
264.14,125,1,True,False,False,1
248.15,202,1,True,False,False,1
24.34,110,1,True,True,False,0
428.61,62,1,True,False,False,1
117.66,126,1,False,True,False,0
165.8,287,1,True,False,True,2
289.18,64,1,True,False,False,1
125.39,140,1,True,False,False,1
305.18,216,1,True,False,True,2
506.9,56,1,False,True,False,0
504.12,101,1,False,True,False,0
42.09,118,1,True,True,False,0
607.28,84,1,True,False,False,1
91.9,125,1,True,False,True,2
303.43,30,1,True,True,False,0
668.78,141,1,True,False,False,1
270.54,139,1,False,False,False,1
247.93,79,1,True,True,False,0
34.67,71,1,True,False,True,2
326.03,137,1,False,False,True,2
148.26,57,1,True,False,False,1
1086.6,38,1,True,False,True,2
373.99,140,1,True,False,False,1
254.34,79,1,True,False,True,2
819.48,26,1,True,False,False,1
14.0,173,1,True,False,False,1
57.16,74,1,True,False,False,1
282.26,278,1,True,False,True,2
46.96,12,1,True,False,True,2
473.2,173,1,True,False,True,2
192.97,140,1,True,False,False,1
168.99,203,1,True,False,False,1
1.82,60,1,True,False,True,2
40.9,37,1,True,False,False,1
78.91,157,1,True,False,True,2
169.97,12,1,False,False,False,1
17.79,162,5,True,True,False,0
486.61,130,1,False,False,False,1
148.13,56,1,True,True,False,0
164.52,162,1,True,False,False,1
720.89,120,1,True,False,False,1
268.7,63,1,True,False,False,1
637.34,278,1,True,False,False,1
216.76,138,1,False,False,True,2
418.02,110,1,True,False,False,1
292.03,154,1,False,False,False,1
251.4,178,1,True,False,False,1
184.56,93,1,True,False,True,2
33.76,227,1,True,False,True,2
253.46,60,1,True,False,False,1
1612.37,173,1,True,False,False,1
138.68,44,1,False,True,False,0
42.56,146,1,True,False,True,2
680.76,165,1,True,True,False,0
53.83,131,1,True,True,False,0
11.09,95,1,True,True,False,0
37.81,195,1,True,True,False,0
449.18,50,1,True,False,True,2
1135.8,250,1,True,False,False,1
297.6,162,1,True,False,True,2
683.75,106,1,True,True,False,0
21.4,129,1,False,False,True,2
315.94,93,1,True,False,False,1
331.32,137,5,True,True,False,0
223.76,110,1,False,True,False,0
216.03,300,1,True,False,False,1
17.42,150,1,True,False,False,1
491.91,155,1,True,False,True,2
350.11,178,1,False,False,True,2
218.07,243,1,True,True,False,0
291.09,73,1,True,True,False,0
422.14,109,1,False,True,False,0
613.21,157,1,True,False,False,1
73.83,69,1,True,False,True,2
67.33,36,1,True,False,True,2
26.92,43,1,True,False,False,1
18.3,155,1,True,False,True,2
317.94,124,1,True,False,False,1
179.38,173,1,True,False,True,2
918.95,139,1,True,False,True,2
13.92,209,1,True,False,False,1
365.43,176,1,True,False,False,1
263.59,16,1,True,True,False,0
54.8,140,1,True,True,False,0
141.49,75,1,True,False,True,2
31.39,15,1,True,False,False,1
93.82,176,1,True,False,True,2
5.71,106,1,True,True,False,0
178.39,98,1,True,False,True,2
126.91,42,1,True,False,False,1
36.09,167,1,True,True,False,0
91.77,174,1,True,True,False,0
198.92,100,1,True,False,True,2
137.81,44,1,True,True,False,0
136.88,71,1,False,True,False,0
133.07,155,1,True,True,False,0
1.14,137,1,True,True,False,0
256.34,99,1,True,True,False,0
56.11,109,1,True,True,False,0
118.1,50,1,True,False,False,1
137.86,120,1,False,False,True,2
813.78,55,1,False,False,False,1
237.97,69,1,True,False,False,1
684.96,31,1,True,False,False,1
878.63,139,1,True,False,False,1
276.56,15,1,True,True,False,0
8.75,199,1,True,False,False,1
637.48,207,1,True,False,True,2
103.15,179,1,True,True,False,0
505.6,183,1,True,True,False,0
371.86,91,1,True,False,False,1
14.26,37,1,True,True,False,0
13.16,98,1,True,True,False,0
167.92,136,2,True,False,False,1
73.01,101,1,True,False,False,1
201.5,196,1,False,False,True,2
150.3,204,1,True,False,True,2
23.7,32,1,True,False,False,1
49.59,147,1,True,True,False,0
720.13,96,1,False,False,False,1
134.92,101,1,True,False,True,2
116.97,299,1,True,False,False,1
11.06,13,3,True,False,False,1
88.29,287,1,False,False,True,2
5.81,222,1,True,False,False,1
103.48,33,1,True,False,False,1
156.74,136,1,True,False,False,1
505.14,179,1,True,False,False,1
31.06,61,1,True,False,False,1
7.61,163,1,True,False,False,1
276.16,71,1,False,False,False,1
145.77,237,1,True,False,False,1
369.44,19,1,True,False,True,2
558.86,95,1,True,False,False,1
429.15,218,1,True,True,False,0
36.74,133,1,True,True,False,0
79.14,22,1,False,False,True,2
132.48,101,1,True,True,False,0
136.48,138,4,True,False,True,2
203.76,37,1,True,True,False,0
750.95,27,1,True,True,False,0
0.84,31,1,True,False,False,1
257.18,28,1,True,False,True,2
767.66,155,1,True,False,False,1
182.29,123,1,True,False,True,2
184.51,118,1,False,False,True,2
451.31,166,5,True,False,False,1
144.1,30,1,True,True,False,0
72.5,30,1,True,False,False,1
74.11,71,4,False,False,True,2
22.15,73,1,True,True,False,0
777.92,97,1,True,True,False,0
790.07,197,1,True,False,True,2
406.33,103,1,False,True,False,0
767.41,27,1,True,False,False,1
4.58,135,1,False,False,True,2
447.83,88,1,False,True,False,0
49.67,146,1,True,False,True,2
77.83,146,1,False,True,False,0
702.87,184,1,True,False,False,1
133.56,177,1,True,False,True,2
868.05,119,1,False,False,True,2
52.87,70,1,True,True,False,0
179.0,121,1,True,False,False,1
1168.26,37,1,False,False,True,2
384.11,12,1,True,False,False,1
227.61,61,1,True,False,True,2
40.83,24,1,True,False,False,1
19.76,240,1,True,False,False,1
484.24,77,1,True,True,False,0
494.66,110,1,True,False,True,2
301.47,291,1,True,True,False,0
199.09,89,1,True,False,True,2
38.95,50,1,True,False,True,2
515.94,37,1,True,False,False,1
41.93,136,1,True,False,False,1
137.84,83,1,True,False,False,1
95.35,131,1,True,False,True,2
93.14,151,1,True,False,True,2
1427.71,159,1,True,True,False,0
79.33,109,1,False,False,True,2
76.89,132,1,True,False,False,1
233.71,297,1,True,False,True,2
14.92,120,1,True,True,False,0
242.17,147,1,True,False,False,1
122.98,228,1,True,False,True,2
129.35,130,1,True,False,False,1
138.33,69,1,True,False,True,2
39.31,178,1,True,False,True,2
91.85,148,1,True,False,True,2
277.7,107,1,True,True,False,0
114.03,172,1,True,False,False,1
302.63,10,1,False,True,False,0
31.19,74,1,True,False,False,1
112.91,135,1,False,False,True,2
742.26,36,1,True,False,True,2
256.8,80,1,True,False,False,1
378.68,239,1,True,False,False,1
571.93,119,1,True,False,True,2
26.31,163,1,False,False,True,2
205.58,159,1,True,False,True,2
533.61,115,1,True,False,True,2
428.62,72,1,True,True,False,0
361.22,167,1,True,False,False,1
837.29,216,1,True,True,False,0
117.25,73,1,False,False,True,2
135.27,131,1,True,False,False,1
185.1,23,1,True,True,False,0
113.54,273,1,True,False,True,2
354.96,96,1,True,False,True,2
224.22,37,1,True,True,False,0
737.1,92,1,True,False,False,1
223.22,96,1,True,False,False,1
557.26,53,1,True,False,False,1
1496.57,95,1,True,False,True,2
27.44,164,1,True,False,False,1
310.09,166,1,True,True,False,0
80.38,116,1,True,False,True,2
26.1,115,1,False,True,False,0
845.14,183,1,False,True,False,0
59.73,56,1,True,False,False,1
758.77,114,1,True,False,False,1
301.51,284,1,True,False,False,1
418.03,161,1,True,False,True,2
118.06,31,1,False,True,False,0
483.92,115,1,True,False,False,1
78.93,145,1,True,False,False,1
36.63,261,1,True,False,False,1
87.85,63,1,True,True,False,0
1001.83,55,1,True,False,True,2
705.34,124,1,True,False,True,2
146.55,124,5,True,False,True,2
116.89,226,1,True,False,True,2
106.41,87,1,True,True,False,0
1087.9,103,1,True,False,False,1
584.41,41,1,True,False,False,1
584.98,121,1,False,True,False,0
79.21,140,1,True,True,False,0
173.13,288,1,False,False,True,2
335.7,57,1,True,False,False,1
1225.5,109,1,False,False,True,2
422.81,193,1,True,True,False,0
135.43,92,1,True,False,False,1
584.88,121,1,True,False,False,1
308.94,167,1,True,False,True,2
295.93,117,1,True,True,False,0
1512.99,50,1,True,False,True,2
77.44,268,1,True,True,False,0
92.5,70,1,False,False,True,2
97.74,137,1,False,False,True,2
291.68,90,1,True,False,False,1
56.96,135,1,True,False,False,1
436.8,92,1,True,False,True,2
259.49,292,1,True,False,True,2
726.26,147,1,True,False,True,2
568.68,101,1,True,False,False,1
77.57,225,1,True,False,True,2
999.28,40,1,True,False,True,2
14.16,290,1,False,True,False,0
1142.83,48,1,False,True,False,0
61.33,129,1,True,False,False,1
27.64,23,1,True,False,True,2
3.85,32,1,True,False,False,1
431.22,129,1,False,True,False,0
178.55,67,1,True,True,False,0
248.76,56,1,True,False,False,1
76.16,99,1,True,False,False,1
347.25,250,1,True,False,False,1
28.04,146,5,True,False,False,1
325.98,277,1,True,False,False,1
249.56,246,1,True,True,False,0
17.43,33,1,True,False,False,1
198.01,40,1,False,True,False,0
585.58,55,1,True,True,False,0
434.67,124,1,False,False,True,2
510.7,294,1,False,False,True,2
331.98,12,1,True,False,False,1
199.54,268,1,True,False,True,2
212.97,178,1,True,False,True,2
270.56,139,1,True,False,True,2
306.37,120,1,True,False,False,1
643.02,85,1,False,False,False,1
98.48,12,1,True,True,False,0
889.01,169,1,True,False,True,2
537.86,134,1,True,False,True,2
241.18,162,1,True,False,False,1
130.54,94,1,True,False,False,1
800.29,84,1,False,True,False,0
8.81,165,1,True,False,True,2
28.52,163,1,True,False,False,1
431.31,99,1,False,False,True,2
885.33,59,1,False,False,False,1
199.23,54,1,True,False,False,1
42.26,171,1,True,False,False,1
166.06,172,1,True,False,False,1
357.72,25,1,True,False,False,1
588.37,284,1,True,False,True,2
72.82,127,1,True,False,True,2
162.36,147,1,True,False,True,2
584.82,109,1,False,False,True,2
38.15,129,1,False,False,True,2
477.54,52,1,False,False,False,1
639.57,43,1,True,True,False,0
58.23,34,1,True,False,True,2
776.21,99,1,False,False,True,2
248.76,117,1,True,True,False,0
188.61,26,1,True,False,True,2
675.37,31,1,False,False,True,2
94.82,56,1,False,True,False,0
425.18,135,1,False,False,True,2
50.28,65,1,True,True,False,0
864.72,58,1,False,True,False,0
70.68,105,1,True,False,True,2
261.77,46,1,True,False,True,2
183.22,63,1,True,False,False,1
58.32,275,4,False,True,False,0
156.86,102,1,True,False,False,1
120.67,233,1,True,False,False,1
308.62,101,1,False,True,False,0
506.81,41,1,True,False,False,1
328.39,108,1,True,False,False,1
796.3,64,1,True,True,False,0
72.47,72,1,True,False,True,2
279.6,131,1,True,False,False,1
304.2,102,1,True,False,True,2
351.38,21,1,True,True,False,0
86.07,23,1,True,True,False,0
604.5,80,1,True,False,False,1
258.7,123,1,True,False,False,1
994.63,158,1,True,False,True,2
11.46,64,1,False,True,False,0
63.76,100,1,True,False,False,1
446.83,143,1,False,True,False,0
63.54,136,1,True,False,False,1
81.11,110,1,True,False,True,2
441.26,87,5,False,True,False,0
170.96,69,1,True,True,False,0
48.51,69,1,True,True,False,0
325.03,106,1,True,True,False,0
125.83,138,1,True,False,False,1
506.83,45,1,True,True,False,0
738.94,173,1,True,True,False,0
180.36,55,1,False,False,True,2
225.1,35,1,True,False,False,1
359.51,157,1,True,False,True,2
720.46,44,1,True,True,False,0
1116.57,104,1,True,False,False,1
291.46,135,1,True,False,False,1
1192.95,73,1,True,True,False,0
98.24,148,1,True,False,True,2
100.48,104,1,False,True,False,0
45.9,264,1,True,True,False,0
258.21,225,1,True,False,True,2
1079.11,211,1,True,False,True,2
287.51,255,1,True,False,True,2
501.3,146,1,False,False,True,2
26.1,32,1,True,False,False,1
436.77,176,1,True,False,False,1
292.38,224,1,True,False,False,1
1026.46,165,1,True,True,False,0
25.29,125,1,True,False,True,2
123.35,10,1,False,False,True,2
139.52,31,1,True,True,False,0
51.2,83,1,True,False,True,2
122.85,127,3,False,False,True,2
161.38,101,1,False,False,True,2
2.51,32,1,True,False,True,2
22.62,102,1,True,False,False,1
126.83,39,1,True,True,False,0
46.6,68,1,True,False,True,2
243.8,48,1,True,True,False,0
231.51,96,1,False,True,False,0
175.05,34,1,True,False,True,2
762.74,244,1,True,False,False,1
34.03,38,1,True,True,False,0
15.95,52,1,True,True,False,0
926.53,107,1,True,False,False,1
101.51,199,1,False,False,True,2
309.42,42,1,True,True,False,0
257.6,293,1,False,False,True,2
746.78,64,1,False,True,False,0
82.01,156,1,False,True,False,0
476.99,187,1,True,False,True,2
320.11,130,1,True,True,False,0
333.39,35,1,True,False,False,1
10.3,197,1,True,False,False,1
737.46,75,4,False,True,False,0
416.55,73,1,True,False,True,2
84.91,68,1,True,False,True,2
98.95,73,1,True,True,False,0
18.14,48,1,False,False,False,1
1154.79,108,1,True,False,False,1
215.13,114,1,True,False,True,2
218.57,102,1,False,True,False,0
341.88,89,1,True,False,False,1
691.92,61,1,True,False,True,2
50.43,51,1,True,True,False,0
440.43,23,1,True,True,False,0
299.03,52,1,True,True,False,0
1.98,170,1,True,False,False,1
173.45,161,1,True,False,False,1
438.76,73,1,True,True,False,0
519.62,40,1,False,False,True,2
738.68,124,1,True,False,True,2
151.14,38,1,True,False,True,2
75.77,148,1,True,True,False,0
444.52,17,1,True,False,True,2
5.29,276,1,True,False,True,2
97.63,127,1,False,False,True,2
256.95,71,1,True,True,False,0
734.86,290,1,False,True,False,0
1250.94,107,2,True,False,False,1
84.28,142,1,True,True,False,0
927.45,95,1,True,False,False,1
202.49,69,1,False,False,False,1
154.99,53,1,True,True,False,0
481.53,277,1,True,True,False,0
172.92,212,1,True,False,True,2
275.59,238,1,False,True,False,0
207.2,133,1,True,False,True,2
136.82,14,1,True,True,False,0
624.0,132,5,True,True,False,0
179.38,28,1,True,False,True,2
10.15,58,5,True,False,False,1
26.3,33,1,True,False,False,1
319.5,69,1,False,True,False,0
182.42,137,1,True,True,False,0
716.62,241,1,True,False,False,1
222.96,150,1,False,False,False,1
79.77,167,1,True,False,False,1
431.08,25,1,True,True,False,0
592.24,140,1,True,False,False,1
200.19,108,1,False,True,False,0
297.5,80,1,False,True,False,0
345.86,145,1,True,False,False,1
343.88,97,1,True,False,True,2
16.52,135,1,False,False,True,2
162.1,151,1,True,True,False,0
36.12,234,1,True,False,True,2
354.91,191,1,True,False,False,1
38.41,117,1,True,False,False,1
53.52,55,1,True,True,False,0
498.59,138,1,True,False,True,2
13.3,63,1,True,False,False,1
189.65,60,1,True,False,False,1
255.32,27,1,True,False,False,1
230.51,56,1,False,True,False,0
237.74,152,1,True,False,False,1
512.76,26,1,True,False,False,1
151.37,53,1,True,False,False,1
85.01,157,1,False,False,False,1
444.47,61,1,True,False,True,2
184.19,58,1,True,False,False,1
879.25,137,1,False,False,True,2
55.98,87,1,False,True,False,0
54.91,275,1,False,False,False,1
1047.69,139,1,True,False,True,2
393.74,90,1,True,False,True,2
58.94,26,1,True,False,True,2
515.57,56,1,True,False,False,1
332.15,105,1,True,False,False,1
177.94,173,1,True,False,True,2
68.68,141,1,True,False,True,2
1431.54,84,1,True,False,True,2
240.03,31,1,True,False,True,2
168.34,240,1,True,False,False,1
474.77,284,1,True,False,True,2
451.7,103,1,True,False,True,2
243.85,43,1,True,True,False,0
5.76,164,1,True,True,False,0
435.08,78,1,True,False,True,2
127.78,170,1,True,False,False,1
23.14,93,1,False,False,True,2
545.87,41,1,True,True,False,0
21.21,37,1,True,False,True,2
423.53,81,1,False,True,False,0
142.1,109,1,False,False,True,2
1413.24,199,1,True,False,False,1
114.15,52,1,True,False,False,1
275.98,67,1,False,False,True,2
590.68,23,1,True,True,False,0
152.42,176,1,True,False,False,1
395.77,118,1,False,True,False,0
615.16,140,1,True,False,True,2
207.82,30,1,False,False,True,2
220.52,152,1,True,False,False,1
281.47,142,1,True,False,False,1
57.91,97,1,False,True,False,0
30.48,78,1,False,True,False,0
1152.58,180,1,True,True,False,0
453.09,97,1,True,True,False,0
424.47,116,1,True,False,True,2
228.4,116,1,True,False,False,1
67.17,48,1,True,False,True,2
284.89,115,1,True,False,True,2
118.69,296,1,True,False,True,2
221.33,276,1,True,False,False,1
252.31,172,1,False,False,False,1
58.85,115,1,False,False,True,2
194.68,165,1,True,False,True,2
433.53,231,1,True,True,False,0
178.26,59,1,True,False,False,1
207.65,98,1,True,False,True,2
237.0,115,1,True,False,True,2
1169.59,114,1,True,False,True,2
347.63,272,1,False,False,True,2
517.68,24,1,True,False,False,1
36.25,76,1,True,True,False,0
46.53,34,1,True,False,False,1
207.47,12,1,True,False,False,1
199.7,285,1,True,False,False,1
307.89,90,1,False,False,True,2
403.63,167,3,True,True,False,0
20.06,144,1,True,False,False,1
236.57,112,1,True,False,False,1
0.32,136,1,True,False,False,1
14.28,81,1,True,False,False,1
232.35,153,1,False,True,False,0
317.53,104,1,True,False,True,2
74.67,283,1,True,False,False,1
65.01,67,1,False,False,True,2
0.45,172,1,True,True,False,0
364.13,61,1,True,False,False,1
340.13,32,3,True,True,False,0
15.81,11,4,True,True,False,0
222.66,88,1,True,False,True,2
638.24,64,1,True,True,False,0
241.21,108,1,True,False,False,1
171.16,42,1,True,False,True,2
1360.67,118,1,True,True,False,0
37.65,109,1,False,False,True,2
25.77,18,1,True,False,True,2
789.8,94,1,True,False,False,1
308.85,33,2,False,True,False,0
1454.52,20,1,True,False,False,1
806.97,11,1,True,False,True,2
364.81,53,1,True,False,True,2
490.82,114,1,True,False,False,1
1021.38,125,1,True,True,False,0
311.28,198,1,True,True,False,0
85.03,48,1,True,False,False,1
307.75,63,1,True,True,False,0
333.67,68,1,True,False,True,2
589.89,213,3,True,True,False,0
372.08,63,1,True,True,False,0
502.9,141,1,False,False,True,2
103.81,34,1,True,False,False,1
69.43,162,1,True,False,False,1
110.4,62,1,False,False,False,1
275.65,14,1,False,True,False,0
336.01,121,4,True,False,True,2
251.8,102,1,True,False,False,1
334.07,200,1,True,True,False,0
52.44,87,1,True,False,True,2
1030.85,39,1,True,False,False,1
141.37,77,1,True,False,True,2
211.7,205,1,False,False,True,2
61.4,20,2,True,True,False,0
308.23,23,1,True,False,False,1
111.41,181,1,True,True,False,0
675.49,159,1,True,False,False,1
29.72,38,1,True,False,False,1
301.73,163,1,True,False,True,2
294.61,74,1,True,True,False,0
106.43,164,1,False,False,False,1
381.52,79,1,True,False,True,2
1142.76,71,1,False,False,True,2
5.66,33,1,True,True,False,0
209.09,203,1,True,False,False,1
521.81,34,1,True,False,False,1
588.36,134,1,True,False,True,2
146.67,273,1,True,False,True,2
176.52,94,5,False,False,True,2
57.34,81,1,True,False,True,2
294.77,101,1,True,False,True,2
881.32,59,1,True,False,True,2
162.59,19,1,True,True,False,0
56.15,77,1,True,True,False,0
524.55,175,1,True,False,False,1
535.4,110,1,True,True,False,0
56.84,185,1,True,False,False,1
135.94,258,1,True,True,False,0
47.1,178,1,False,True,False,0
124.05,220,1,False,True,False,0
802.89,175,1,True,False,False,1
193.16,109,1,True,False,False,1
541.52,161,1,False,True,False,0
20.17,86,1,True,False,False,1
35.98,133,1,False,True,False,0
273.24,173,1,True,True,False,0
663.45,147,1,True,False,False,1
343.86,70,1,True,True,False,0
69.38,280,2,True,True,False,0
75.43,266,1,True,False,False,1
414.64,74,1,True,True,False,0
86.79,166,1,True,True,False,0
1105.88,36,1,True,False,False,1
14.1,73,1,True,True,False,0
63.33,124,1,False,True,False,0
606.27,42,1,True,True,False,0
4.47,132,1,True,True,False,0
289.01,96,1,True,False,True,2
338.69,169,1,True,True,False,0
97.73,156,1,True,True,False,0
1021.16,104,1,True,False,False,1
27.61,26,1,False,False,False,1
284.17,189,1,True,False,False,1
76.21,69,1,True,True,False,0
334.79,292,1,False,True,False,0
584.51,76,1,True,False,False,1
432.18,162,1,True,True,False,0
134.55,165,1,True,False,True,2
61.66,86,1,True,False,False,1
12.35,22,1,True,True,False,0
213.25,63,1,True,True,False,0
34.93,72,1,True,True,False,0
959.48,36,1,True,True,False,0
335.68,142,1,True,False,True,2
423.96,75,1,True,False,False,1
361.38,71,3,False,False,True,2
220.82,31,1,True,True,False,0
717.36,138,1,False,False,True,2
406.12,106,1,True,False,False,1
427.83,29,1,True,False,False,1
416.62,67,1,False,False,True,2
21.9,30,1,True,False,False,1
717.74,168,1,False,False,True,2
393.68,141,1,True,False,False,1
281.91,269,1,True,True,False,0
239.85,50,1,True,False,False,1
237.84,16,1,True,True,False,0
459.29,109,1,False,False,True,2
196.49,65,1,True,True,False,0
21.23,103,4,True,False,False,1
95.23,60,3,True,False,True,2
344.87,25,1,True,True,False,0
129.62,124,1,False,False,False,1
16.53,220,1,True,False,False,1
277.02,227,1,False,False,False,1
13.02,42,1,True,True,False,0
199.02,185,1,True,False,False,1
684.5,76,1,True,True,False,0
1173.74,61,1,False,False,True,2
45.92,23,1,True,False,False,1
761.73,27,1,True,False,False,1
331.38,122,1,True,False,False,1
602.8,173,1,True,True,False,0
64.12,222,1,False,True,False,0
57.38,86,1,True,False,True,2
94.64,144,1,False,False,False,1
155.56,64,1,False,True,False,0
301.39,104,1,False,False,True,2
136.31,65,1,True,False,True,2
4.39,63,1,True,False,False,1
429.25,107,1,True,False,True,2
138.54,93,1,False,True,False,0
33.03,28,1,True,True,False,0
76.39,80,1,True,False,True,2
25.32,25,1,True,False,False,1
330.91,28,1,True,False,False,1
153.55,16,1,True,False,True,2
217.61,120,1,True,False,True,2
131.69,59,1,False,True,False,0
953.17,84,1,True,False,True,2
68.49,49,1,True,False,True,2
1493.0,151,1,True,False,False,1
470.62,127,1,True,True,False,0
385.35,269,1,True,True,False,0
74.72,132,1,True,False,True,2
352.03,219,1,False,False,True,2
275.87,112,1,True,False,False,1
90.94,56,1,False,False,False,1
206.25,56,1,True,False,False,1
116.76,212,1,True,False,False,1
91.5,77,1,True,False,False,1
489.31,36,1,True,True,False,0
1664.33,65,1,True,True,False,0
414.49,108,1,False,False,True,2
315.13,143,1,True,True,False,0
28.38,260,1,True,True,False,0
456.05,20,1,True,True,False,0
277.22,41,1,True,True,False,0
54.84,124,1,True,False,True,2
29.92,63,1,False,False,True,2
133.06,143,1,True,False,True,2
332.06,221,4,True,False,False,1
14.34,24,1,False,False,True,2
468.32,152,1,True,False,True,2
582.17,135,1,True,True,False,0
245.62,127,1,True,True,False,0
981.9,112,1,False,False,True,2
83.6,192,1,True,False,False,1
331.22,161,1,False,True,False,0
57.49,177,1,False,False,True,2
85.58,60,1,True,False,False,1
157.56,159,1,True,True,False,0
230.3,24,1,True,False,True,2
305.92,88,1,True,False,False,1
942.7,29,1,True,False,True,2
116.33,144,1,True,True,False,0
537.71,175,1,False,False,True,2
538.17,252,1,False,True,False,0
219.44,23,1,True,False,True,2
61.62,19,1,True,False,True,2
58.77,191,1,True,False,True,2
538.13,165,1,True,False,False,1
177.05,235,1,True,True,False,0
403.01,286,3,True,False,True,2
719.76,190,1,True,True,False,0
163.22,217,1,True,False,True,2
242.85,93,1,True,False,True,2
291.22,100,1,False,False,True,2
56.52,152,1,True,False,False,1
195.8,186,1,True,False,True,2
66.76,44,1,False,True,False,0
190.9,40,1,True,False,True,2
106.99,152,1,True,True,False,0
655.81,164,2,True,False,False,1
107.1,175,1,False,False,True,2
79.92,274,2,True,False,False,1
430.83,292,1,True,True,False,0
235.34,68,1,True,True,False,0
86.35,24,1,False,True,False,0
337.99,115,1,True,False,False,1
577.13,66,1,False,True,False,0
213.33,161,1,True,False,False,1
54.52,164,1,True,True,False,0
100.13,168,1,True,True,False,0
883.92,129,1,False,False,True,2
69.8,138,1,False,True,False,0
768.94,53,1,True,True,False,0
179.62,119,1,True,False,True,2
425.91,47,1,True,False,False,1
263.34,55,1,True,False,False,1
113.03,12,1,False,False,True,2
11.02,42,1,True,False,True,2
865.17,161,1,True,True,False,0
152.0,63,1,True,False,False,1
270.39,104,1,True,False,False,1
246.41,23,1,True,False,False,1
336.84,100,1,True,False,False,1
261.45,96,1,False,False,True,2
99.98,152,1,False,False,True,2
400.69,26,1,True,False,True,2
411.47,120,1,True,False,False,1
204.63,92,1,True,False,True,2
421.56,144,1,True,False,True,2
193.38,285,1,True,False,False,1
377.04,64,1,True,False,False,1
54.1,17,1,False,True,False,0
18.1,66,1,True,False,False,1
408.62,159,1,False,False,True,2
162.1,221,1,True,True,False,0
165.31,28,1,True,False,False,1
267.48,159,2,True,False,False,1
856.9,150,1,True,True,False,0
433.9,37,1,True,False,True,2
271.22,87,1,False,False,False,1
307.68,162,1,False,False,True,2
348.17,181,1,True,False,False,1
43.1,102,1,True,True,False,0
557.78,102,1,False,True,False,0
325.6,88,1,True,False,False,1
235.83,169,1,False,False,True,2
603.54,26,1,True,False,True,2
270.25,42,1,True,False,False,1
123.38,40,1,True,False,True,2
577.12,69,1,True,False,False,1
92.24,93,1,True,True,False,0
856.21,109,1,False,True,False,0
251.54,177,1,True,True,False,0
28.63,146,1,True,True,False,0
185.97,19,1,True,False,True,2
243.08,93,1,False,False,True,2
